Handle,Title,Body (HTML),Vendor,Product Category,Type,Tags,Published,Option1 Name,Option1 Value,Option2 Name,Option2 Value,Option3 Name,Option3 Value,Variant SKU,Variant Grams,Variant Inventory Tracker,Variant Inventory Qty,Variant Inventory Policy,Variant Fulfillment Service,Variant Price,Variant Compare At Price,Variant Requires Shipping,Variant Taxable,Variant Barcode,Image Src,Image Position,Image Alt Text,Gift Card,SEO Title,SEO Description,Google Shopping / Google Product Category,Google Shopping / Gender,Google Shopping / Age Group,Google Shopping / MPN,Google Shopping / AdWords Grouping,Google Shopping / AdWords Labels,Google Shopping / Condition,Google Shopping / Custom Product,Google Shopping / Custom Label 0,Google Shopping / Custom Label 1,Google Shopping / Custom Label 2,Google Shopping / Custom Label 3,Google Shopping / Custom Label 4,Variant Image,Variant Weight Unit,Variant Tax Code,Cost per item,Status
industrial-oil-skimmer-zs-1000,Industrial Oil Skimmer ZS-1000,Professional-grade oil skimmer designed for industrial coolant systems. Removes tramp oil and floating contaminants to extend coolant life and improve machining performance.,Zebra Skimmers,Manufacturing Equipment,Oil Removal Equipment,"industrial, oil-removal, coolant-management, manufacturing",TRUE,Title,Default Title,,,,,ZS-1000-STD,38555,shopify,15,deny,manual,2499,2799,TRUE,TRUE,,,,Industrial Oil Skimmer ZS-1000,FALSE,Industrial Oil Skimmer ZS-1000 - Zebra Skimmers,Professional-grade oil skimmer designed for industrial coolant systems. Removes tramp oil and floating contaminants to extend coolant life and improve machining...,,,,,,,,,,,,,,,lb,,1499,active
coolant-management-system-cms-2000,Coolant Management System CMS-2000,"Complete coolant management solution with automated monitoring, filtration, and chemical dosing for large manufacturing operations.",Zebra Skimmers,Manufacturing Equipment,Coolant Systems,"industrial, coolant-management, manufacturing, automation",TRUE,Title,Default Title,,,,,CMS-2000-PRO,204116,shopify,8,deny,manual,15000,17500,TRUE,TRUE,,,,Coolant Management System CMS-2000,FALSE,Coolant Management System CMS-2000 - Zebra Skimmers,"Complete coolant management solution with automated monitoring, filtration, and chemical dosing for large manufacturing operations....",,,,,,,,,,,,,,,lb,,9000,active
heavy-duty-conveyor-belt-system,Heavy Duty Conveyor Belt System,Robust conveyor system designed for heavy industrial applications. Features steel construction and variable speed control.,Industrial Solutions,Industrial Equipment,Material Handling,"industrial, material-handling, conveyor, heavy-duty",TRUE,Title,Default Title,,,,,CONV-HD-100,145149,shopify,12,deny,manual,8500,9200,TRUE,TRUE,,,,Heavy Duty Conveyor Belt System,FALSE,Heavy Duty Conveyor Belt System - Industrial Solutions,Robust conveyor system designed for heavy industrial applications. Features steel construction and variable speed control....,,,,,,,,,,,,,,,lb,,5100,active
professional-welding-station-ws-300,Professional Welding Station WS-300,"Complete welding station with advanced controls, fume extraction, and precision positioning. Ideal for professional fabrication work.",WeldPro,Industrial Tools,Welding Equipment,"welding, tools, professional, industrial",TRUE,Title,Default Title,,,,,WS-300-PRO,43091,shopify,20,deny,manual,3200,3600,TRUE,TRUE,,,,Professional Welding Station WS-300,FALSE,Professional Welding Station WS-300 - WeldPro,"Complete welding station with advanced controls, fume extraction, and precision positioning. Ideal for professional fabrication work....",,,,,,,,,,,,,,,lb,,1920,active
industrial-safety-cabinet-sc-45,Industrial Safety Cabinet SC-45,OSHA compliant safety cabinet for flammable liquid storage. Features double-wall construction and automatic closing doors.,SafeGuard,Safety Equipment,Safety Storage,"safety, storage, industrial, compliance",TRUE,Title,Default Title,,,,,SC-45-YEL,81647,shopify,25,deny,manual,1200,1350,TRUE,TRUE,,,,Industrial Safety Cabinet SC-45,FALSE,Industrial Safety Cabinet SC-45 - SafeGuard,OSHA compliant safety cabinet for flammable liquid storage. Features double-wall construction and automatic closing doors....,,,,,,,,,,,,,,,lb,,720,active
cnc-machining-center-mc-400,CNC Machining Center MC-400,Professional cnc machining center mc-400 designed for precision manufacturing operations. Features advanced controls and robust construction.,Industrial Manufacturing,Manufacturing Equipment,Manufacturing Equipment,"manufacturing, industrial, equipment, cnc",TRUE,Title,Default Title,,,,,MFG-1000,90718,shopify,5,deny,manual,5000,5500,TRUE,TRUE,,,,CNC Machining Center MC-400,FALSE,CNC Machining Center MC-400 - Industrial Manufacturing,Professional cnc machining center mc-400 designed for precision manufacturing operations. Features advanced controls and robust construction....,,,,,,,,,,,,,,,lb,,3000,active
hydraulic-press-hp-50t,Hydraulic Press HP-50T,Professional hydraulic press hp-50t designed for precision manufacturing operations. Features advanced controls and robust construction.,Industrial Manufacturing,Manufacturing Equipment,Manufacturing Equipment,"manufacturing, industrial, equipment, cnc",TRUE,Title,Default Title,,,,,MFG-1001,113398,shopify,6,deny,manual,5500,6000,TRUE,TRUE,,,,Hydraulic Press HP-50T,FALSE,Hydraulic Press HP-50T - Industrial Manufacturing,Professional hydraulic press hp-50t designed for precision manufacturing operations. Features advanced controls and robust construction....,,,,,,,,,,,,,,,lb,,3300,active
industrial-lathe-il-1640,Industrial Lathe IL-1640,Professional industrial lathe il-1640 designed for precision manufacturing operations. Features advanced controls and robust construction.,Industrial Manufacturing,Manufacturing Equipment,Manufacturing Equipment,"manufacturing, industrial, equipment, cnc",TRUE,Title,Default Title,,,,,MFG-1002,136078,shopify,7,deny,manual,6000,6500,TRUE,TRUE,,,,Industrial Lathe IL-1640,FALSE,Industrial Lathe IL-1640 - Industrial Manufacturing,Professional industrial lathe il-1640 designed for precision manufacturing operations. Features advanced controls and robust construction....,,,,,,,,,,,,,,,lb,,3600,active
milling-machine-mm-3000,Milling Machine MM-3000,Professional milling machine mm-3000 designed for precision manufacturing operations. Features advanced controls and robust construction.,Industrial Manufacturing,Manufacturing Equipment,Manufacturing Equipment,"manufacturing, industrial, equipment, cnc",TRUE,Title,Default Title,,,,,MFG-1003,158757,shopify,8,deny,manual,6500,7000,TRUE,TRUE,,,,Milling Machine MM-3000,FALSE,Milling Machine MM-3000 - Industrial Manufacturing,Professional milling machine mm-3000 designed for precision manufacturing operations. Features advanced controls and robust construction....,,,,,,,,,,,,,,,lb,,3900,active
grinding-machine-gm-1200,Grinding Machine GM-1200,Professional grinding machine gm-1200 designed for precision manufacturing operations. Features advanced controls and robust construction.,Industrial Manufacturing,Manufacturing Equipment,Manufacturing Equipment,"manufacturing, industrial, equipment, cnc",TRUE,Title,Default Title,,,,,MFG-1004,181437,shopify,9,deny,manual,7000,7500,TRUE,TRUE,,,,Grinding Machine GM-1200,FALSE,Grinding Machine GM-1200 - Industrial Manufacturing,Professional grinding machine gm-1200 designed for precision manufacturing operations. Features advanced controls and robust construction....,,,,,,,,,,,,,,,lb,,4200,active
drill-press-dp-20,Drill Press DP-20,Professional drill press dp-20 designed for precision manufacturing operations. Features advanced controls and robust construction.,Industrial Manufacturing,Manufacturing Equipment,Manufacturing Equipment,"manufacturing, industrial, equipment, cnc",TRUE,Title,Default Title,,,,,MFG-1005,204116,shopify,10,deny,manual,7500,8000,TRUE,TRUE,,,,Drill Press DP-20,FALSE,Drill Press DP-20 - Industrial Manufacturing,Professional drill press dp-20 designed for precision manufacturing operations. Features advanced controls and robust construction....,,,,,,,,,,,,,,,lb,,4500,active
band-saw-bs-14,Band Saw BS-14,Professional band saw bs-14 designed for precision manufacturing operations. Features advanced controls and robust construction.,Industrial Manufacturing,Manufacturing Equipment,Manufacturing Equipment,"manufacturing, industrial, equipment, cnc",TRUE,Title,Default Title,,,,,MFG-1006,226796,shopify,11,deny,manual,8000,8500,TRUE,TRUE,,,,Band Saw BS-14,FALSE,Band Saw BS-14 - Industrial Manufacturing,Professional band saw bs-14 designed for precision manufacturing operations. Features advanced controls and robust construction....,,,,,,,,,,,,,,,lb,,4800,active
surface-grinder-sg-818,Surface Grinder SG-818,Professional surface grinder sg-818 designed for precision manufacturing operations. Features advanced controls and robust construction.,Industrial Manufacturing,Manufacturing Equipment,Manufacturing Equipment,"manufacturing, industrial, equipment, cnc",TRUE,Title,Default Title,,,,,MFG-1007,249476,shopify,12,deny,manual,8500,9000,TRUE,TRUE,,,,Surface Grinder SG-818,FALSE,Surface Grinder SG-818 - Industrial Manufacturing,Professional surface grinder sg-818 designed for precision manufacturing operations. Features advanced controls and robust construction....,,,,,,,,,,,,,,,lb,,5100,active
boring-machine-bm-100,Boring Machine BM-100,Professional boring machine bm-100 designed for precision manufacturing operations. Features advanced controls and robust construction.,Industrial Manufacturing,Manufacturing Equipment,Manufacturing Equipment,"manufacturing, industrial, equipment, cnc",TRUE,Title,Default Title,,,,,MFG-1008,272155,shopify,13,deny,manual,9000,9500,TRUE,TRUE,,,,Boring Machine BM-100,FALSE,Boring Machine BM-100 - Industrial Manufacturing,Professional boring machine bm-100 designed for precision manufacturing operations. Features advanced controls and robust construction....,,,,,,,,,,,,,,,lb,,5400,active
plasma-cutter-pc-65,Plasma Cutter PC-65,Professional plasma cutter pc-65 designed for precision manufacturing operations. Features advanced controls and robust construction.,Industrial Manufacturing,Manufacturing Equipment,Manufacturing Equipment,"manufacturing, industrial, equipment, cnc",TRUE,Title,Default Title,,,,,MFG-1009,294835,shopify,14,deny,manual,9500,10000,TRUE,TRUE,,,,Plasma Cutter PC-65,FALSE,Plasma Cutter PC-65 - Industrial Manufacturing,Professional plasma cutter pc-65 designed for precision manufacturing operations. Features advanced controls and robust construction....,,,,,,,,,,,,,,,lb,,5700,active
waterjet-cutter-wj-3020,Waterjet Cutter WJ-3020,Professional waterjet cutter wj-3020 designed for precision manufacturing operations. Features advanced controls and robust construction.,Industrial Manufacturing,Manufacturing Equipment,Manufacturing Equipment,"manufacturing, industrial, equipment, cnc",TRUE,Title,Default Title,,,,,MFG-1010,317514,shopify,5,deny,manual,10000,10500,TRUE,TRUE,,,,Waterjet Cutter WJ-3020,FALSE,Waterjet Cutter WJ-3020 - Industrial Manufacturing,Professional waterjet cutter wj-3020 designed for precision manufacturing operations. Features advanced controls and robust construction....,,,,,,,,,,,,,,,lb,,6000,active
laser-cutter-lc-1325,Laser Cutter LC-1325,Professional laser cutter lc-1325 designed for precision manufacturing operations. Features advanced controls and robust construction.,Industrial Manufacturing,Manufacturing Equipment,Manufacturing Equipment,"manufacturing, industrial, equipment, cnc",TRUE,Title,Default Title,,,,,MFG-1011,340194,shopify,6,deny,manual,10500,11000,TRUE,TRUE,,,,Laser Cutter LC-1325,FALSE,Laser Cutter LC-1325 - Industrial Manufacturing,Professional laser cutter lc-1325 designed for precision manufacturing operations. Features advanced controls and robust construction....,,,,,,,,,,,,,,,lb,,6300,active
punch-press-pp-30t,Punch Press PP-30T,Professional punch press pp-30t designed for precision manufacturing operations. Features advanced controls and robust construction.,Industrial Manufacturing,Manufacturing Equipment,Manufacturing Equipment,"manufacturing, industrial, equipment, cnc",TRUE,Title,Default Title,,,,,MFG-1012,362874,shopify,7,deny,manual,11000,11500,TRUE,TRUE,,,,Punch Press PP-30T,FALSE,Punch Press PP-30T - Industrial Manufacturing,Professional punch press pp-30t designed for precision manufacturing operations. Features advanced controls and robust construction....,,,,,,,,,,,,,,,lb,,6600,active
shear-machine-sm-10,Shear Machine SM-10,Professional shear machine sm-10 designed for precision manufacturing operations. Features advanced controls and robust construction.,Industrial Manufacturing,Manufacturing Equipment,Manufacturing Equipment,"manufacturing, industrial, equipment, cnc",TRUE,Title,Default Title,,,,,MFG-1013,385553,shopify,8,deny,manual,11500,12000,TRUE,TRUE,,,,Shear Machine SM-10,FALSE,Shear Machine SM-10 - Industrial Manufacturing,Professional shear machine sm-10 designed for precision manufacturing operations. Features advanced controls and robust construction....,,,,,,,,,,,,,,,lb,,6900,active
roll-former-rf-24,Roll Former RF-24,Professional roll former rf-24 designed for precision manufacturing operations. Features advanced controls and robust construction.,Industrial Manufacturing,Manufacturing Equipment,Manufacturing Equipment,"manufacturing, industrial, equipment, cnc",TRUE,Title,Default Title,,,,,MFG-1014,408233,shopify,9,deny,manual,12000,12500,TRUE,TRUE,,,,Roll Former RF-24,FALSE,Roll Former RF-24 - Industrial Manufacturing,Professional roll former rf-24 designed for precision manufacturing operations. Features advanced controls and robust construction....,,,,,,,,,,,,,,,lb,,7200,active
air-compressor-ac-100hp,Air Compressor AC-100HP,Heavy-duty air compressor ac-100hp built for demanding industrial applications. Engineered for reliability and performance.,Heavy Industries,Industrial Equipment,Industrial Equipment,"industrial, equipment, heavy-duty, commercial",TRUE,Title,Default Title,,,,,IND-2000,226796,shopify,3,deny,manual,8000,9000,TRUE,TRUE,,,,Air Compressor AC-100HP,FALSE,Air Compressor AC-100HP - Heavy Industries,Heavy-duty air compressor ac-100hp built for demanding industrial applications. Engineered for reliability and performance....,,,,,,,,,,,,,,,lb,,4800,active
industrial-generator-ig-250kw,Industrial Generator IG-250KW,Heavy-duty industrial generator ig-250kw built for demanding industrial applications. Engineered for reliability and performance.,Heavy Industries,Industrial Equipment,Industrial Equipment,"industrial, equipment, heavy-duty, commercial",TRUE,Title,Default Title,,,,,IND-2001,272155,shopify,4,deny,manual,9000,10000,TRUE,TRUE,,,,Industrial Generator IG-250KW,FALSE,Industrial Generator IG-250KW - Heavy Industries,Heavy-duty industrial generator ig-250kw built for demanding industrial applications. Engineered for reliability and performance....,,,,,,,,,,,,,,,lb,,5400,active
forklift-electric-fe-5000,Forklift Electric FE-5000,Heavy-duty forklift electric fe-5000 built for demanding industrial applications. Engineered for reliability and performance.,Heavy Industries,Industrial Equipment,Industrial Equipment,"industrial, equipment, heavy-duty, commercial",TRUE,Title,Default Title,,,,,IND-2002,317514,shopify,5,deny,manual,10000,11000,TRUE,TRUE,,,,Forklift Electric FE-5000,FALSE,Forklift Electric FE-5000 - Heavy Industries,Heavy-duty forklift electric fe-5000 built for demanding industrial applications. Engineered for reliability and performance....,,,,,,,,,,,,,,,lb,,6000,active
overhead-crane-oc-10t,Overhead Crane OC-10T,Heavy-duty overhead crane oc-10t built for demanding industrial applications. Engineered for reliability and performance.,Heavy Industries,Industrial Equipment,Industrial Equipment,"industrial, equipment, heavy-duty, commercial",TRUE,Title,Default Title,,,,,IND-2003,362874,shopify,6,deny,manual,11000,12000,TRUE,TRUE,,,,Overhead Crane OC-10T,FALSE,Overhead Crane OC-10T - Heavy Industries,Heavy-duty overhead crane oc-10t built for demanding industrial applications. Engineered for reliability and performance....,,,,,,,,,,,,,,,lb,,6600,active
pallet-jack-pj-5500,Pallet Jack PJ-5500,Heavy-duty pallet jack pj-5500 built for demanding industrial applications. Engineered for reliability and performance.,Heavy Industries,Industrial Equipment,Industrial Equipment,"industrial, equipment, heavy-duty, commercial",TRUE,Title,Default Title,,,,,IND-2004,408233,shopify,7,deny,manual,12000,13000,TRUE,TRUE,,,,Pallet Jack PJ-5500,FALSE,Pallet Jack PJ-5500 - Heavy Industries,Heavy-duty pallet jack pj-5500 built for demanding industrial applications. Engineered for reliability and performance....,,,,,,,,,,,,,,,lb,,7200,active
industrial-vacuum-iv-3000,Industrial Vacuum IV-3000,Heavy-duty industrial vacuum iv-3000 built for demanding industrial applications. Engineered for reliability and performance.,Heavy Industries,Industrial Equipment,Industrial Equipment,"industrial, equipment, heavy-duty, commercial",TRUE,Title,Default Title,,,,,IND-2005,453592,shopify,8,deny,manual,13000,14000,TRUE,TRUE,,,,Industrial Vacuum IV-3000,FALSE,Industrial Vacuum IV-3000 - Heavy Industries,Heavy-duty industrial vacuum iv-3000 built for demanding industrial applications. Engineered for reliability and performance....,,,,,,,,,,,,,,,lb,,7800,active
pressure-washer-pw-4000psi,Pressure Washer PW-4000PSI,Heavy-duty pressure washer pw-4000psi built for demanding industrial applications. Engineered for reliability and performance.,Heavy Industries,Industrial Equipment,Industrial Equipment,"industrial, equipment, heavy-duty, commercial",TRUE,Title,Default Title,,,,,IND-2006,498951,shopify,9,deny,manual,14000,15000,TRUE,TRUE,,,,Pressure Washer PW-4000PSI,FALSE,Pressure Washer PW-4000PSI - Heavy Industries,Heavy-duty pressure washer pw-4000psi built for demanding industrial applications. Engineered for reliability and performance....,,,,,,,,,,,,,,,lb,,8400,active
material-lift-ml-2000,Material Lift ML-2000,Heavy-duty material lift ml-2000 built for demanding industrial applications. Engineered for reliability and performance.,Heavy Industries,Industrial Equipment,Industrial Equipment,"industrial, equipment, heavy-duty, commercial",TRUE,Title,Default Title,,,,,IND-2007,544310,shopify,10,deny,manual,15000,16000,TRUE,TRUE,,,,Material Lift ML-2000,FALSE,Material Lift ML-2000 - Heavy Industries,Heavy-duty material lift ml-2000 built for demanding industrial applications. Engineered for reliability and performance....,,,,,,,,,,,,,,,lb,,9000,active
dock-leveler-dl-8x6,Dock Leveler DL-8x6,Heavy-duty dock leveler dl-8x6 built for demanding industrial applications. Engineered for reliability and performance.,Heavy Industries,Industrial Equipment,Industrial Equipment,"industrial, equipment, heavy-duty, commercial",TRUE,Title,Default Title,,,,,IND-2008,589670,shopify,3,deny,manual,16000,17000,TRUE,TRUE,,,,Dock Leveler DL-8x6,FALSE,Dock Leveler DL-8x6 - Heavy Industries,Heavy-duty dock leveler dl-8x6 built for demanding industrial applications. Engineered for reliability and performance....,,,,,,,,,,,,,,,lb,,9600,active
loading-dock-seal-lds-9x10,Loading Dock Seal LDS-9x10,Heavy-duty loading dock seal lds-9x10 built for demanding industrial applications. Engineered for reliability and performance.,Heavy Industries,Industrial Equipment,Industrial Equipment,"industrial, equipment, heavy-duty, commercial",TRUE,Title,Default Title,,,,,IND-2009,635029,shopify,4,deny,manual,17000,18000,TRUE,TRUE,,,,Loading Dock Seal LDS-9x10,FALSE,Loading Dock Seal LDS-9x10 - Heavy Industries,Heavy-duty loading dock seal lds-9x10 built for demanding industrial applications. Engineered for reliability and performance....,,,,,,,,,,,,,,,lb,,10200,active
angle-grinder-ag-9,Angle Grinder AG-9,Professional-grade angle grinder ag-9 designed for industrial and commercial use. Built for durability and precision.,ProTools,Industrial Tools,Professional Tools,"tools, professional, industrial, power-tools",TRUE,Title,Default Title,,,,,TOOL-3000,2268,shopify,25,deny,manual,150,200,TRUE,TRUE,,,,Angle Grinder AG-9,FALSE,Angle Grinder AG-9 - ProTools,Professional-grade angle grinder ag-9 designed for industrial and commercial use. Built for durability and precision....,,,,,,,,,,,,,,,lb,,90,active
impact-wrench-iw-1000,Impact Wrench IW-1000,Professional-grade impact wrench iw-1000 designed for industrial and commercial use. Built for durability and precision.,ProTools,Industrial Tools,Professional Tools,"tools, professional, industrial, power-tools",TRUE,Title,Default Title,,,,,TOOL-3001,3175,shopify,26,deny,manual,200,250,TRUE,TRUE,,,,Impact Wrench IW-1000,FALSE,Impact Wrench IW-1000 - ProTools,Professional-grade impact wrench iw-1000 designed for industrial and commercial use. Built for durability and precision....,,,,,,,,,,,,,,,lb,,120,active
circular-saw-cs-7-25,Circular Saw CS-7.25,Professional-grade circular saw cs-7.25 designed for industrial and commercial use. Built for durability and precision.,ProTools,Industrial Tools,Professional Tools,"tools, professional, industrial, power-tools",TRUE,Title,Default Title,,,,,TOOL-3002,4082,shopify,27,deny,manual,250,300,TRUE,TRUE,,,,Circular Saw CS-7.25,FALSE,Circular Saw CS-7.25 - ProTools,Professional-grade circular saw cs-7.25 designed for industrial and commercial use. Built for durability and precision....,,,,,,,,,,,,,,,lb,,150,active
reciprocating-saw-rs-12a,Reciprocating Saw RS-12A,Professional-grade reciprocating saw rs-12a designed for industrial and commercial use. Built for durability and precision.,ProTools,Industrial Tools,Professional Tools,"tools, professional, industrial, power-tools",TRUE,Title,Default Title,,,,,TOOL-3003,4990,shopify,28,deny,manual,300,350,TRUE,TRUE,,,,Reciprocating Saw RS-12A,FALSE,Reciprocating Saw RS-12A - ProTools,Professional-grade reciprocating saw rs-12a designed for industrial and commercial use. Built for durability and precision....,,,,,,,,,,,,,,,lb,,180,active
hammer-drill-hd-18v,Hammer Drill HD-18V,Professional-grade hammer drill hd-18v designed for industrial and commercial use. Built for durability and precision.,ProTools,Industrial Tools,Professional Tools,"tools, professional, industrial, power-tools",TRUE,Title,Default Title,,,,,TOOL-3004,5897,shopify,29,deny,manual,350,400,TRUE,TRUE,,,,Hammer Drill HD-18V,FALSE,Hammer Drill HD-18V - ProTools,Professional-grade hammer drill hd-18v designed for industrial and commercial use. Built for durability and precision....,,,,,,,,,,,,,,,lb,,210,active
rotary-hammer-rh-1-5,Rotary Hammer RH-1.5,Professional-grade rotary hammer rh-1.5 designed for industrial and commercial use. Built for durability and precision.,ProTools,Industrial Tools,Professional Tools,"tools, professional, industrial, power-tools",TRUE,Title,Default Title,,,,,TOOL-3005,6804,shopify,30,deny,manual,400,450,TRUE,TRUE,,,,Rotary Hammer RH-1.5,FALSE,Rotary Hammer RH-1.5 - ProTools,Professional-grade rotary hammer rh-1.5 designed for industrial and commercial use. Built for durability and precision....,,,,,,,,,,,,,,,lb,,240,active
belt-sander-bs-4x24,Belt Sander BS-4x24,Professional-grade belt sander bs-4x24 designed for industrial and commercial use. Built for durability and precision.,ProTools,Industrial Tools,Professional Tools,"tools, professional, industrial, power-tools",TRUE,Title,Default Title,,,,,TOOL-3006,7711,shopify,31,deny,manual,450,500,TRUE,TRUE,,,,Belt Sander BS-4x24,FALSE,Belt Sander BS-4x24 - ProTools,Professional-grade belt sander bs-4x24 designed for industrial and commercial use. Built for durability and precision....,,,,,,,,,,,,,,,lb,,270,active
orbital-sander-os-5,Orbital Sander OS-5,Professional-grade orbital sander os-5 designed for industrial and commercial use. Built for durability and precision.,ProTools,Industrial Tools,Professional Tools,"tools, professional, industrial, power-tools",TRUE,Title,Default Title,,,,,TOOL-3007,8618,shopify,32,deny,manual,500,550,TRUE,TRUE,,,,Orbital Sander OS-5,FALSE,Orbital Sander OS-5 - ProTools,Professional-grade orbital sander os-5 designed for industrial and commercial use. Built for durability and precision....,,,,,,,,,,,,,,,lb,,300,active
router-rt-2-25hp,Router RT-2.25HP,Professional-grade router rt-2.25hp designed for industrial and commercial use. Built for durability and precision.,ProTools,Industrial Tools,Professional Tools,"tools, professional, industrial, power-tools",TRUE,Title,Default Title,,,,,TOOL-3008,9525,shopify,33,deny,manual,550,600,TRUE,TRUE,,,,Router RT-2.25HP,FALSE,Router RT-2.25HP - ProTools,Professional-grade router rt-2.25hp designed for industrial and commercial use. Built for durability and precision....,,,,,,,,,,,,,,,lb,,330,active
jigsaw-js-6-5a,Jigsaw JS-6.5A,Professional-grade jigsaw js-6.5a designed for industrial and commercial use. Built for durability and precision.,ProTools,Industrial Tools,Professional Tools,"tools, professional, industrial, power-tools",TRUE,Title,Default Title,,,,,TOOL-3009,10433,shopify,34,deny,manual,600,650,TRUE,TRUE,,,,Jigsaw JS-6.5A,FALSE,Jigsaw JS-6.5A - ProTools,Professional-grade jigsaw js-6.5a designed for industrial and commercial use. Built for durability and precision....,,,,,,,,,,,,,,,lb,,360,active
planer-pl-6,Planer PL-6,Professional-grade planer pl-6 designed for industrial and commercial use. Built for durability and precision.,ProTools,Industrial Tools,Professional Tools,"tools, professional, industrial, power-tools",TRUE,Title,Default Title,,,,,TOOL-3010,11340,shopify,35,deny,manual,650,700,TRUE,TRUE,,,,Planer PL-6,FALSE,Planer PL-6 - ProTools,Professional-grade planer pl-6 designed for industrial and commercial use. Built for durability and precision....,,,,,,,,,,,,,,,lb,,390,active
multimeter-mm-600v,Multimeter MM-600V,Professional-grade multimeter mm-600v designed for industrial and commercial use. Built for durability and precision.,ProTools,Industrial Tools,Professional Tools,"tools, professional, industrial, power-tools",TRUE,Title,Default Title,,,,,TOOL-3011,12247,shopify,36,deny,manual,700,750,TRUE,TRUE,,,,Multimeter MM-600V,FALSE,Multimeter MM-600V - ProTools,Professional-grade multimeter mm-600v designed for industrial and commercial use. Built for durability and precision....,,,,,,,,,,,,,,,lb,,420,active
torque-wrench-tw-250,Torque Wrench TW-250,Professional-grade torque wrench tw-250 designed for industrial and commercial use. Built for durability and precision.,ProTools,Industrial Tools,Professional Tools,"tools, professional, industrial, power-tools",TRUE,Title,Default Title,,,,,TOOL-3012,13154,shopify,37,deny,manual,750,800,TRUE,TRUE,,,,Torque Wrench TW-250,FALSE,Torque Wrench TW-250 - ProTools,Professional-grade torque wrench tw-250 designed for industrial and commercial use. Built for durability and precision....,,,,,,,,,,,,,,,lb,,450,active
pipe-wrench-pw-24,Pipe Wrench PW-24,Professional-grade pipe wrench pw-24 designed for industrial and commercial use. Built for durability and precision.,ProTools,Industrial Tools,Professional Tools,"tools, professional, industrial, power-tools",TRUE,Title,Default Title,,,,,TOOL-3013,14061,shopify,38,deny,manual,800,850,TRUE,TRUE,,,,Pipe Wrench PW-24,FALSE,Pipe Wrench PW-24 - ProTools,Professional-grade pipe wrench pw-24 designed for industrial and commercial use. Built for durability and precision....,,,,,,,,,,,,,,,lb,,480,active
tool-chest-tc-26,Tool Chest TC-26,Professional-grade tool chest tc-26 designed for industrial and commercial use. Built for durability and precision.,ProTools,Industrial Tools,Professional Tools,"tools, professional, industrial, power-tools",TRUE,Title,Default Title,,,,,TOOL-3014,14969,shopify,39,deny,manual,850,900,TRUE,TRUE,,,,Tool Chest TC-26,FALSE,Tool Chest TC-26 - ProTools,Professional-grade tool chest tc-26 designed for industrial and commercial use. Built for durability and precision....,,,,,,,,,,,,,,,lb,,510,active
hard-hat-safety-helmet,Hard Hat Safety Helmet,OSHA compliant hard hat safety helmet for industrial workplace safety. Meets or exceeds safety standards.,SafetyFirst,Safety Equipment,Safety Equipment,"safety, ppe, industrial, compliance",TRUE,Title,Default Title,,,,,SAFE-4000,454,shopify,50,deny,manual,25,35,TRUE,TRUE,,,,Hard Hat Safety Helmet,FALSE,Hard Hat Safety Helmet - SafetyFirst,OSHA compliant hard hat safety helmet for industrial workplace safety. Meets or exceeds safety standards....,,,,,,,,,,,,,,,lb,,15,active
safety-glasses-clear-lens,Safety Glasses Clear Lens,OSHA compliant safety glasses clear lens for industrial workplace safety. Meets or exceeds safety standards.,SafetyFirst,Safety Equipment,Safety Equipment,"safety, ppe, industrial, compliance",TRUE,Title,Default Title,,,,,SAFE-4001,680,shopify,51,deny,manual,50,60,TRUE,TRUE,,,,Safety Glasses Clear Lens,FALSE,Safety Glasses Clear Lens - SafetyFirst,OSHA compliant safety glasses clear lens for industrial workplace safety. Meets or exceeds safety standards....,,,,,,,,,,,,,,,lb,,30,active
work-gloves-cut-resistant,Work Gloves Cut Resistant,OSHA compliant work gloves cut resistant for industrial workplace safety. Meets or exceeds safety standards.,SafetyFirst,Safety Equipment,Safety Equipment,"safety, ppe, industrial, compliance",TRUE,Title,Default Title,,,,,SAFE-4002,907,shopify,52,deny,manual,75,85,TRUE,TRUE,,,,Work Gloves Cut Resistant,FALSE,Work Gloves Cut Resistant - SafetyFirst,OSHA compliant work gloves cut resistant for industrial workplace safety. Meets or exceeds safety standards....,,,,,,,,,,,,,,,lb,,45,active
safety-boots-steel-toe,Safety Boots Steel Toe,OSHA compliant safety boots steel toe for industrial workplace safety. Meets or exceeds safety standards.,SafetyFirst,Safety Equipment,Safety Equipment,"safety, ppe, industrial, compliance",TRUE,Title,Default Title,,,,,SAFE-4003,1134,shopify,53,deny,manual,100,110,TRUE,TRUE,,,,Safety Boots Steel Toe,FALSE,Safety Boots Steel Toe - SafetyFirst,OSHA compliant safety boots steel toe for industrial workplace safety. Meets or exceeds safety standards....,,,,,,,,,,,,,,,lb,,60,active
high-vis-safety-vest,High Vis Safety Vest,OSHA compliant high vis safety vest for industrial workplace safety. Meets or exceeds safety standards.,SafetyFirst,Safety Equipment,Safety Equipment,"safety, ppe, industrial, compliance",TRUE,Title,Default Title,,,,,SAFE-4004,1361,shopify,54,deny,manual,125,135,TRUE,TRUE,,,,High Vis Safety Vest,FALSE,High Vis Safety Vest - SafetyFirst,OSHA compliant high vis safety vest for industrial workplace safety. Meets or exceeds safety standards....,,,,,,,,,,,,,,,lb,,75,active
respirator-half-face,Respirator Half Face,OSHA compliant respirator half face for industrial workplace safety. Meets or exceeds safety standards.,SafetyFirst,Safety Equipment,Safety Equipment,"safety, ppe, industrial, compliance",TRUE,Title,Default Title,,,,,SAFE-4005,1588,shopify,55,deny,manual,150,160,TRUE,TRUE,,,,Respirator Half Face,FALSE,Respirator Half Face - SafetyFirst,OSHA compliant respirator half face for industrial workplace safety. Meets or exceeds safety standards....,,,,,,,,,,,,,,,lb,,90,active
fall-protection-harness,Fall Protection Harness,OSHA compliant fall protection harness for industrial workplace safety. Meets or exceeds safety standards.,SafetyFirst,Safety Equipment,Safety Equipment,"safety, ppe, industrial, compliance",TRUE,Title,Default Title,,,,,SAFE-4006,1814,shopify,56,deny,manual,175,185,TRUE,TRUE,,,,Fall Protection Harness,FALSE,Fall Protection Harness - SafetyFirst,OSHA compliant fall protection harness for industrial workplace safety. Meets or exceeds safety standards....,,,,,,,,,,,,,,,lb,,105,active
safety-barrier-system,Safety Barrier System,OSHA compliant safety barrier system for industrial workplace safety. Meets or exceeds safety standards.,SafetyFirst,Safety Equipment,Safety Equipment,"safety, ppe, industrial, compliance",TRUE,Title,Default Title,,,,,SAFE-4007,2041,shopify,57,deny,manual,200,210,TRUE,TRUE,,,,Safety Barrier System,FALSE,Safety Barrier System - SafetyFirst,OSHA compliant safety barrier system for industrial workplace safety. Meets or exceeds safety standards....,,,,,,,,,,,,,,,lb,,120,active
emergency-eye-wash-station,Emergency Eye Wash Station,OSHA compliant emergency eye wash station for industrial workplace safety. Meets or exceeds safety standards.,SafetyFirst,Safety Equipment,Safety Equipment,"safety, ppe, industrial, compliance",TRUE,Title,Default Title,,,,,SAFE-4008,2268,shopify,58,deny,manual,225,235,TRUE,TRUE,,,,Emergency Eye Wash Station,FALSE,Emergency Eye Wash Station - SafetyFirst,OSHA compliant emergency eye wash station for industrial workplace safety. Meets or exceeds safety standards....,,,,,,,,,,,,,,,lb,,135,active
first-aid-kit-industrial,First Aid Kit Industrial,OSHA compliant first aid kit industrial for industrial workplace safety. Meets or exceeds safety standards.,SafetyFirst,Safety Equipment,Safety Equipment,"safety, ppe, industrial, compliance",TRUE,Title,Default Title,,,,,SAFE-4009,2495,shopify,59,deny,manual,250,260,TRUE,TRUE,,,,First Aid Kit Industrial,FALSE,First Aid Kit Industrial - SafetyFirst,OSHA compliant first aid kit industrial for industrial workplace safety. Meets or exceeds safety standards....,,,,,,,,,,,,,,,lb,,150,active